{
  "results": [
    {
      "command": "6X6",
      "mean": 0.0016586764200000003,
      "stddev": 0.0002973254455071824,
      "median": 0.0016726973200000004,
      "user": 0.0012274399999999998,
      "system": 0.00045902800000000005,
      "min": 0.00121252582,
      "max": 0.0022455598200000005,
      "times": [
        0.0022455598200000005,
        0.0017321448200000003,
        0.0017332158200000004,
        0.0018765258200000002,
        0.0015720318200000004,
        0.00121252582,
        0.0013837978200000002,
        0.0013812228200000003,
        0.0018364898200000004,
        0.0016132498200000004
      ],
      "exit_codes": [
        0,
        0,
        0,
        0,
        0,
        0,
        0,
        0,
        0,
        0
      ],
      "parameters": {
        "TEST": "tests/teste6x6.txt"
      }
    },
    {
      "command": "7X7",
      "mean": 0.0019696686200000005,
      "stddev": 0.00022067975917897155,
      "median": 0.00201880332,
      "user": 0.0018601399999999997,
      "system": 0.000161064,
      "min": 0.0015866898200000003,
      "max": 0.0022279878200000005,
      "times": [
        0.0020218488200000003,
        0.00206295582,
        0.0022279878200000005,
        0.0021554098200000003,
        0.00201575782,
        0.0019891468200000004,
        0.0018339958200000003,
        0.0015866898200000003,
        0.0016287288200000005,
        0.0021741648200000003
      ],
      "exit_codes": [
        0,
        0,
        0,
        0,
        0,
        0,
        0,
        0,
        0,
        0
      ],
      "parameters": {
        "TEST": "tests/teste07x07.txt"
      }
    },
    {
      "command": "8X8",
      "mean": 0.0024127856200000003,
      "stddev": 0.00031218930426543017,
      "median": 0.0024059968200000003,
      "user": 0.00208774,
      "system": 0.00037704599999999997,
      "min": 0.0019641898200000005,
      "max": 0.0028534738200000002,
      "times": [
        0.0028534738200000002,
        0.00235939382,
        0.00200780282,
        0.0025562448200000002,
        0.0024525998200000004,
        0.0023172748200000004,
        0.0021659598200000005,
        0.0028418928200000006,
        0.0026090238200000004,
        0.0019641898200000005
      ],
      "exit_codes": [
        0,
        0,
        0,
        0,
        0,
        0,
        0,
        0,
        0,
        0
      ],
      "parameters": {
        "TEST": "tests/teste08x08.txt"
      }
    },
    {
      "command": "9X9",
      "mean": 0.00403080072,
      "stddev": 0.0002087618996701212,
      "median": 0.004095417319999999,
      "user": 0.0031957959999999994,
      "system": 0.0009545459999999999,
      "min": 0.0037130528200000003,
      "max": 0.00430606982,
      "times": [
        0.00410589182,
        0.00408494282,
        0.0038746668200000003,
        0.00411083082,
        0.0037130528200000003,
        0.0037440818200000004,
        0.00392527182,
        0.00430606982,
        0.00429228182,
        0.00415091682
      ],
      "exit_codes": [
        0,
        0,
        0,
        0,
        0,
        0,
        0,
        0,
        0,
        0
      ],
      "parameters": {
        "TEST": "tests/teste09x09.txt"
      }
    },
    {
      "command": "10X10",
      "mean": 0.00826991022,
      "stddev": 0.00041299623267617244,
      "median": 0.00827738932,
      "user": 0.0074074399999999995,
      "system": 0.000845046,
      "min": 0.007722479820000001,
      "max": 0.009216391820000001,
      "times": [
        0.00825095482,
        0.008373625820000001,
        0.00811975682,
        0.009216391820000001,
        0.00835057182,
        0.00838156082,
        0.00773593482,
        0.007722479820000001,
        0.00830382382,
        0.008244001820000001
      ],
      "exit_codes": [
        0,
        0,
        0,
        0,
        0,
        0,
        0,
        0,
        0,
        0
      ],
      "parameters": {
        "TEST": "tests/teste10x10.txt"
      }
    },
    {
      "command": "11X11",
      "mean": 0.020498458820000003,
      "stddev": 0.0010125747634537083,
      "median": 0.020174564320000005,
      "user": 0.018761339999999994,
      "system": 0.0017452280000000001,
      "min": 0.019859305820000003,
      "max": 0.023247844820000002,
      "times": [
        0.023247844820000002,
        0.020301077820000003,
        0.019895823820000002,
        0.019859305820000003,
        0.020031730820000003,
        0.02011320382,
        0.02089231982,
        0.020235924820000004,
        0.019986995820000002,
        0.020420360820000004
      ],
      "exit_codes": [
        0,
        0,
        0,
        0,
        0,
        0,
        0,
        0,
        0,
        0
      ],
      "parameters": {
        "TEST": "tests/teste11x11.txt"
      }
    },
    {
      "command": "12X12",
      "mean": 0.07558986892000001,
      "stddev": 0.006908966175023846,
      "median": 0.07390487482000002,
      "user": 0.07010844,
      "system": 0.005157956,
      "min": 0.06716000282000001,
      "max": 0.08512503982000001,
      "times": [
        0.06716000282000001,
        0.07001069882000001,
        0.08512503982000001,
        0.07137290382000001,
        0.08403440582,
        0.07098373082000001,
        0.07643684582000002,
        0.08194681682,
        0.08082866182000001,
        0.06799958282000002
      ],
      "exit_codes": [
        0,
        0,
        0,
        0,
        0,
        0,
        0,
        0,
        0,
        0
      ],
      "parameters": {
        "TEST": "tests/teste12x12.txt"
      }
    },
    {
      "command": "13X13",
      "mean": 0.24219222492,
      "stddev": 0.0095127042703048,
      "median": 0.24468951782,
      "user": 0.23166604,
      "system": 0.010020319999999997,
      "min": 0.23174237682,
      "max": 0.25796413482,
      "times": [
        0.23230945382,
        0.24839618482,
        0.23174237682,
        0.24806942082,
        0.24926024182,
        0.24130961482000002,
        0.24834452782,
        0.23218626182000002,
        0.25796413482,
        0.23234003182000001
      ],
      "exit_codes": [
        0,
        0,
        0,
        0,
        0,
        0,
        0,
        0,
        0,
        0
      ],
      "parameters": {
        "TEST": "tests/teste13x13.txt"
      }
    },
    {
      "command": "14X14",
      "mean": 0.6642159509200001,
      "stddev": 0.07002516150437081,
      "median": 0.6971578273200001,
      "user": 0.64128254,
      "system": 0.02256802,
      "min": 0.56780734282,
      "max": 0.73603865582,
      "times": [
        0.7154245018200001,
        0.73603865582,
        0.71514703982,
        0.73538243082,
        0.7101001088200001,
        0.68421554582,
        0.62466706382,
        0.56780734282,
        0.57495144982,
        0.57842536982
      ],
      "exit_codes": [
        0,
        0,
        0,
        0,
        0,
        0,
        0,
        0,
        0,
        0
      ],
      "parameters": {
        "TEST": "tests/teste14x14.txt"
      }
    },
    {
      "command": "15X15",
      "mean": 1.64831673762,
      "stddev": 0.00827667431009613,
      "median": 1.65057955382,
      "user": 1.60708184,
      "system": 0.040113920000000004,
      "min": 1.63665226782,
      "max": 1.6612373768200002,
      "times": [
        1.65109457382,
        1.64241647782,
        1.63856993782,
        1.65070704382,
        1.65767143382,
        1.65333305682,
        1.63665226782,
        1.6612373768200002,
        1.65045206382,
        1.6410331438199999
      ],
      "exit_codes": [
        0,
        0,
        0,
        0,
        0,
        0,
        0,
        0,
        0,
        0
      ],
      "parameters": {
        "TEST": "tests/teste15x15.txt"
      }
    }
  ]
}
